﻿<?xml version="1.0" encoding="utf-8" ?>
<gadget>
  <name>Ikariam Gadget</name>
  <namespace>en.ikariam.com</namespace>
  <version>1.0.0.0</version>
  <author name="Snake8xO2 - Hakuna1811">
    <info url="http://www.somewhere.com" />
  </author>
  <copyright>&#169;PT&amp;TKPM TH2007-02</copyright>
  <description>Ikariam Gadget</description>
  <icons>
    <icon height="48" width="48" src="" />
  </icons>
  <hosts>
    <host name="sidebar">
      <base type="HTML" apiVersion="1.0.0" src="gadget.html" />
      <permissions>full</permissions>
      <platform minPlatformVersion="1.0" />
      <defaultImage src="" />
    </host>
  </hosts>
</gadget>
